episode_id,date_posted,raw_title,formatted_title,patreon_url,video,bonus,youtube_url,duration,transcript_title,transcript_title
6259,2024-07-29 10:05:01,78 Cream VIDEO,78_cream,https://www.patreon.com/posts/78-cream-video-108945679,True,False,https://www.youtube.com/watch?v=FjgngKa-G0o,61.45955,20240729_78_cream,20240729_78_cream
7094,2024-07-29 10:05:01,78 Cream,78_cream,https://www.patreon.com/posts/78-cream-108944212,False,False,,61.45955,20240729_78_cream,20240729_78_cream
5004,2024-07-25 12:00:11,Reasons To Live VIDEO,reasons_to_live,https://www.patreon.com/posts/reasons-to-live-108715318,True,True,,63.18221667,20240725_reasons_to_live,20240725_reasons_to_live
6873,2024-07-25 12:00:11,Reasons To Live,reasons_to_live,https://www.patreon.com/posts/reasons-to-live-108715161,False,True,,63.18221667,20240725_reasons_to_live,20240725_reasons_to_live
4392,2024-07-22 11:00:14,77 What Is The Wilderness Ft Joe Pera video,77_what_is_the_wilderness_ft_joe_pera,https://www.patreon.com/posts/77-what-is-ft-108547931,True,False,https://www.youtube.com/watch?v=2Ri8rk3xQLE,68.6022,20240722_77_what_is_the_wilderness_ft_joe_pera,20240722_77_what_is_the_wilderness_ft_joe_pera
7498,2024-07-22 11:00:09,77 What Is The Wilderness Ft Joe Pera audio,77_what_is_the_wilderness_ft_joe_pera,https://www.patreon.com/posts/77-what-is-ft-108560304,False,False,,68.6022,20240722_77_what_is_the_wilderness_ft_joe_pera,20240722_77_what_is_the_wilderness_ft_joe_pera
6332,2024-07-18 15:21:43,The Notion of Free Will video,the_notion_of_free_will,https://www.patreon.com/posts/notion-of-free-108373264,True,True,,56.35698333,20240718_the_notion_of_free_will,20240718_the_notion_of_free_will
9723,2024-07-18 15:10:26,The Notion Of Free Will audio,the_notion_of_free_will,https://www.patreon.com/posts/notion-of-free-108372943,False,True,,56.35698333,20240718_the_notion_of_free_will,20240718_the_notion_of_free_will
3156,2024-07-18 11:00:13,Good morning,good_morning,https://www.patreon.com/posts/good-morning-108348002,False,True,,,20240718_good_morning,20240718_good_morning
2103,2024-07-15 12:05:01,76 Political Violnce VIDEO,76_political_violnce,https://www.patreon.com/posts/76-political-nce-108153336,True,False,https://www.youtube.com/watch?v=_tVEFibTgBg,55.36546667,20240715_76_political_violnce,20240715_76_political_violnce
3620,2024-07-15 12:05:01,76 Political Violnce,76_political_violnce,https://www.patreon.com/posts/76-political-nce-108153287,False,False,,55.36546667,20240715_76_political_violnce,20240715_76_political_violnce
8235,2024-07-11 12:00:09,Heated Interview,heated_interview,https://www.patreon.com/posts/heated-interview-107920131,False,True,,40.19555,20240711_heated_interview,20240711_heated_interview
9200,2024-07-11 12:00:08,Heated Interview VIDEO,heated_interview,https://www.patreon.com/posts/heated-interview-107920191,True,True,,40.19555,20240711_heated_interview,20240711_heated_interview
8462,2024-07-08 11:00:15,75 Auras visual,75_auras,https://www.patreon.com/posts/75-auras-visual-107711976,True,False,https://www.youtube.com/watch?v=-VjFqv1YrzU,56.07348333,20240708_75_auras,20240708_75_auras
8180,2024-07-08 11:00:12,75 Auras audio,75_auras,https://www.patreon.com/posts/75-auras-audio-107711982,False,False,,56.07348333,20240708_75_auras,20240708_75_auras
9244,2024-07-04 11:00:11,Manners real ass video,manners,https://www.patreon.com/posts/manners-real-ass-107435326,True,True,,61.88621667,20240704_manners,20240704_manners
5587,2024-07-04 11:00:09,Manners full crazy ass audio,manners,https://www.patreon.com/posts/manners-full-ass-107435327,False,True,,61.88621667,20240704_manners,20240704_manners
3909,2024-07-01 12:05:01,74 Patriotism Jingoistically Speaking VIDEO,74_patriotism_jingoistically_speaking,https://www.patreon.com/posts/74-patriotism-107210632,True,False,https://www.youtube.com/watch?v=8odIVDjilVA,60.47075,20240701_74_patriotism_jingoistically_speaking,20240701_74_patriotism_jingoistically_speaking
5382,2024-07-01 12:05:01,74 Patriotism Jingoistically Speaking,74_patriotism_jingoistically_speaking,https://www.patreon.com/posts/74-patriotism-107197487,False,False,,60.47075,20240701_74_patriotism_jingoistically_speaking,20240701_74_patriotism_jingoistically_speaking
9363,2024-06-27 12:05:01,Heat,heat,https://www.patreon.com/posts/heat-106957119,False,True,,58.48,20240627_heat,20240627_heat
5830,2024-06-27 12:05:00,Heat VIDEO,heat,https://www.patreon.com/posts/heat-video-106958671,True,True,,58.48,20240627_heat,20240627_heat
4234,2024-06-24 11:00:09,73 Do Video Games Make You Better Lovers audio,73_do_video_games_make_you_better_lovers,https://www.patreon.com/posts/73-do-video-make-106751927,False,False,,59.56691667,20240624_73_do_video_games_make_you_better_lovers,20240624_73_do_video_games_make_you_better_lovers
2202,2024-06-24 11:00:08,73 Do Video Games Make You Better Lovers video,73_do_video_games_make_you_better_lovers,https://www.patreon.com/posts/73-do-video-make-106751920,True,False,https://www.youtube.com/watch?v=0wZJRt25yZY,59.56691667,20240624_73_do_video_games_make_you_better_lovers,20240624_73_do_video_games_make_you_better_lovers
3867,2024-06-20 11:00:08,A Cure For Thirst video,a_cure_for_thirst,https://www.patreon.com/posts/cure-for-thirst-106470101,True,True,,58.35733333,20240620_a_cure_for_thirst,20240620_a_cure_for_thirst
5045,2024-06-20 11:00:07,A Cure For Thirst audio,a_cure_for_thirst,https://www.patreon.com/posts/cure-for-thirst-106470108,False,True,,58.35733333,20240620_a_cure_for_thirst,20240620_a_cure_for_thirst
8513,2024-06-17 12:05:01,72 Lunch Pt 2 VIDEO,72_lunch_pt_2,https://www.patreon.com/posts/72-lunch-pt-2-106290087,True,False,https://www.youtube.com/watch?v=N3niioZYlmo,67.93558333,20240617_72_lunch_pt_2,20240617_72_lunch_pt_2
8216,2024-06-17 12:05:00,72 Lunch Pt 2,72_lunch_pt_2,https://www.patreon.com/posts/72-lunch-pt-2-106290052,False,False,,67.93558333,20240617_72_lunch_pt_2,20240617_72_lunch_pt_2
7427,2024-06-13 12:00:07,The Notion of Glass VIDEO,the_notion_of_glass,https://www.patreon.com/posts/notion-of-glass-106049825,True,True,,57.41085,20240613_the_notion_of_glass,20240613_the_notion_of_glass
3328,2024-06-13 12:00:07,The Notion of Glass,the_notion_of_glass,https://www.patreon.com/posts/notion-of-glass-106049755,False,True,,57.41085,20240613_the_notion_of_glass,20240613_the_notion_of_glass
5379,2024-06-10 11:00:10,71 Occulary Sensory Deprivation Experiment audio,71_occulary_sensory_deprivation_experiment,https://www.patreon.com/posts/71-occulary-105898634,False,False,,62.13136667,20240610_71_occulary_sensory_deprivation_experiment,20240610_71_occulary_sensory_deprivation_experiment
4926,2024-06-10 11:00:10,71 Occulary Sensory Deprivation Experiment video,71_occulary_sensory_deprivation_experiment,https://www.patreon.com/posts/71-occulary-105898629,True,False,https://www.youtube.com/watch?v=YFkWp6wsC04,62.13136667,20240610_71_occulary_sensory_deprivation_experiment,20240610_71_occulary_sensory_deprivation_experiment
5787,2024-06-06 11:00:11,Is Electricity Poison,is_electricity_poison,https://www.patreon.com/posts/is-electricity-105670081,False,True,,59.20888333,20240606_is_electricity_poison,20240606_is_electricity_poison
1067,2024-06-06 11:00:08,Is Electricity Poison VIDEO,is_electricity_poison,https://www.patreon.com/posts/is-electricity-105670085,True,True,,59.20888333,20240606_is_electricity_poison,20240606_is_electricity_poison
9005,2024-06-03 12:05:01,70 High School ft Dan Licata VIDEO,70_high_school_ft_dan_licata,https://www.patreon.com/posts/70-high-school-105394896,True,False,https://www.youtube.com/watch?v=9neURf9tOXQ,67.20551667,20240603_70_high_school_ft_dan_licata,20240603_70_high_school_ft_dan_licata
4569,2024-06-03 12:05:01,70 High School ft Dan Licata,70_high_school_ft_dan_licata,https://www.patreon.com/posts/70-high-school-105394785,False,False,,67.20551667,20240603_70_high_school_ft_dan_licata,20240603_70_high_school_ft_dan_licata
6277,2024-05-30 13:16:02,Depletion video,depletion,https://www.patreon.com/posts/depletion-video-105229573,True,True,,57.38275,20240530_depletion,20240530_depletion
4128,2024-05-30 12:05:01,Depletion,depletion,https://www.patreon.com/posts/depletion-105052142,False,True,,57.38275,20240530_depletion,20240530_depletion
2034,2024-05-27 11:00:09,69 What is Britain audio,69_what_is_britain,https://www.patreon.com/posts/69-what-is-audio-104984823,False,False,,62.06538333,20240527_69_what_is_britain,20240527_69_what_is_britain
6049,2024-05-27 11:00:08,69 What is Britain video,69_what_is_britain,https://www.patreon.com/posts/69-what-is-video-104984826,True,False,https://www.youtube.com/watch?v=V-C9I51dM0g,62.06538333,20240527_69_what_is_britain,20240527_69_what_is_britain
5090,2024-05-23 11:00:16,Shame audio,shame,https://www.patreon.com/posts/shame-audio-104769390,False,True,,62.61013333,20240523_shame,20240523_shame
9564,2024-05-23 11:00:11,Shame video,shame,https://www.patreon.com/posts/shame-video-104769381,True,True,,62.61013333,20240523_shame,20240523_shame
8208,2024-05-20 11:00:11,68 Leveraging Dopamine For Job Interviews video,68_leveraging_dopamine_for_job_interviews,https://www.patreon.com/posts/68-leveraging-104551966,True,False,https://www.youtube.com/watch?v=ztt9jbnPjKE,59.85601667,20240520_68_leveraging_dopamine_for_job_interviews,20240520_68_leveraging_dopamine_for_job_interviews
1860,2024-05-20 11:00:09,68 Leveraging Dopamine For Job Interviews audio,68_leveraging_dopamine_for_job_interviews,https://www.patreon.com/posts/68-leveraging-104551979,False,False,,59.85601667,20240520_68_leveraging_dopamine_for_job_interviews,20240520_68_leveraging_dopamine_for_job_interviews
3034,2024-05-16 12:01:00,Cute Animals,cute_animals,https://www.patreon.com/posts/cute-animals-104338394,False,True,,59.71021667,20240516_cute_animals,20240516_cute_animals
3439,2024-05-16 12:00:08,Cute Animals VIDEO,cute_animals,https://www.patreon.com/posts/cute-animals-104341206,True,True,,59.71021667,20240516_cute_animals,20240516_cute_animals
7186,2024-05-13 12:02:01,68 The Rich,68_the_rich,https://www.patreon.com/posts/68-rich-104125143,True,False,https://www.youtube.com/watch?v=b41b040dKZo,60.37013333,20240513_68_the_rich,20240513_68_the_rich
5206,2024-05-13 12:00:09,68 The Rich,68_the_rich,https://www.patreon.com/posts/68-rich-104124443,False,False,,60.37013333,20240513_68_the_rich,20240513_68_the_rich
5224,2024-05-09 12:00:08,First Attempt At Talking About Lunch VIDEO,first_attempt_at_talking_about_lunch,https://www.patreon.com/posts/first-attempt-at-103914308,True,True,,54.12941667,20240509_first_attempt_at_talking_about_lunch,20240509_first_attempt_at_talking_about_lunch
8965,2024-05-09 12:00:07,First Attempt At Talking About Lunch,first_attempt_at_talking_about_lunch,https://www.patreon.com/posts/first-attempt-at-103913804,False,True,,54.12941667,20240509_first_attempt_at_talking_about_lunch,20240509_first_attempt_at_talking_about_lunch
8914,2024-05-06 11:00:08,67 Gambling Addict Confronted by Two Bosnian Personal Trainers,67_gambling_addict_confronted_by_two_bosnian_personal_trainers,https://www.patreon.com/posts/67-gambling-by-103631573,True,False,https://www.youtube.com/watch?v=5bF8-Vj9xos,71.06815,20240506_67_gambling_addict_confronted_by_two_bosnian_personal_trainers,20240506_67_gambling_addict_confronted_by_two_bosnian_personal_trainers
6808,2024-05-06 11:00:08,67 Gambling Addict Confronted by Two Bosnian Personal Trainers,67_gambling_addict_confronted_by_two_bosnian_personal_trainers,https://www.patreon.com/posts/67-gambling-by-103631572,False,False,,71.06815,20240506_67_gambling_addict_confronted_by_two_bosnian_personal_trainers,20240506_67_gambling_addict_confronted_by_two_bosnian_personal_trainers
1960,2024-05-02 9:15:01,Driving Tour of Brooklyn VIDEO,driving_tour_of_brooklyn,https://www.patreon.com/posts/driving-tour-of-103425837,True,True,,47.81191667,20240502_driving_tour_of_brooklyn,20240502_driving_tour_of_brooklyn
1270,2024-05-02 9:15:01,Driving Tour of Brooklyn,driving_tour_of_brooklyn,https://www.patreon.com/posts/driving-tour-of-103419206,False,True,,47.81191667,20240502_driving_tour_of_brooklyn,20240502_driving_tour_of_brooklyn
2383,2024-04-29 11:00:11,66 Driving Tour of Manhattan video,66_driving_tour_of_manhattan,https://www.patreon.com/posts/66-driving-tour-103242548,True,False,https://www.youtube.com/watch?v=-Z6zpEUrpZo,50.73528333,20240429_66_driving_tour_of_manhattan,20240429_66_driving_tour_of_manhattan
6753,2024-04-29 11:00:09,66 Driving Tour of Manhattan,66_driving_tour_of_manhattan,https://www.patreon.com/posts/66-driving-tour-103242555,False,False,,50.73528333,20240429_66_driving_tour_of_manhattan,20240429_66_driving_tour_of_manhattan
6371,2024-04-25 11:00:08,Unknown video,unknown,https://www.patreon.com/posts/unknown-video-102996462,True,True,,52.54471667,20240425_unknown,20240425_unknown
9232,2024-04-25 11:00:08,Unknown audio,unknown,https://www.patreon.com/posts/unknown-audio-102996449,False,True,,52.54471667,20240425_unknown,20240425_unknown
3996,2024-04-22 12:01:01,65 Hospitality Ft Sarah Sherman VIDEO,65_hospitality_ft_sarah_sherman,https://www.patreon.com/posts/65-hospitality-102782512,True,False,https://www.youtube.com/watch?v=-SZSD3LYCdE,54.39951667,20240422_65_hospitality_ft_sarah_sherman,20240422_65_hospitality_ft_sarah_sherman
4447,2024-04-22 12:00:10,65 Hospitality Ft Sarah Sherman,65_hospitality_ft_sarah_sherman,https://www.patreon.com/posts/65-hospitality-102781301,False,False,,54.39951667,20240422_65_hospitality_ft_sarah_sherman,20240422_65_hospitality_ft_sarah_sherman
5409,2024-04-18 18:15:21,Dreams VIDEO,dreams,https://www.patreon.com/posts/dreams-video-102603742,True,True,,56.8096,20240418_dreams,20240418_dreams
4534,2024-04-18 18:00:15,Dreams,dreams,https://www.patreon.com/posts/dreams-102603480,False,True,,56.8096,20240418_dreams,20240418_dreams
8645,2024-04-15 11:00:07,64 Secrets,64_secrets,https://www.patreon.com/posts/64-secrets-102333038,False,False,,55.88266667,20240415_64_secrets,20240415_64_secrets
2196,2024-04-15 11:00:07,64 Secrets video,64_secrets,https://www.patreon.com/posts/64-secrets-video-102333034,True,False,https://www.youtube.com/watch?v=WeQXlzrtl2c,55.88266667,20240415_64_secrets,20240415_64_secrets
4719,2024-04-11 11:00:06,Joy Tactics Meet In Person For The First Time,joy_tactics_meet_in_person_for_the_first_time,https://www.patreon.com/posts/joy-tactics-meet-102091875,False,True,,66.24925,20240411_joy_tactics_meet_in_person_for_the_first_time,20240411_joy_tactics_meet_in_person_for_the_first_time
9706,2024-04-11 11:00:06,Joy Tactics Meet In Person For The First Time video,joy_tactics_meet_in_person_for_the_first_time,https://www.patreon.com/posts/joy-tactics-meet-102091844,True,True,,66.24925,20240411_joy_tactics_meet_in_person_for_the_first_time,20240411_joy_tactics_meet_in_person_for_the_first_time
1977,2024-04-08 12:01:02,63 For A Rainy Day,63_for_a_rainy_day,https://www.patreon.com/posts/63-for-rainy-day-101743944,True,False,https://www.youtube.com/watch?v=uKQ7_LsUvjs,68.00601667,20240408_63_for_a_rainy_day,20240408_63_for_a_rainy_day
1624,2024-04-08 12:01:01,63 For A Rainy Day,63_for_a_rainy_day,https://www.patreon.com/posts/63-for-rainy-day-101743895,False,False,,68.00601667,20240408_63_for_a_rainy_day,20240408_63_for_a_rainy_day
6873,2024-04-04 12:00:06,The Dark Side of Hollywood VIDEO,the_dark_side_of_hollywood,https://www.patreon.com/posts/dark-side-of-101611915,True,True,,58.75485,20240404_the_dark_side_of_hollywood,20240404_the_dark_side_of_hollywood
6331,2024-04-04 12:00:06,The Dark Side of Hollywood,the_dark_side_of_hollywood,https://www.patreon.com/posts/dark-side-of-101611819,False,True,,58.75485,20240404_the_dark_side_of_hollywood,20240404_the_dark_side_of_hollywood
4135,2024-04-01 11:00:09,The Notion of Fear video experience,the_notion_of_fear,https://www.patreon.com/posts/notion-of-fear-101428368,True,False,https://www.youtube.com/watch?v=ExfjZeem924,60.71961667,20240401_the_notion_of_fear,20240401_the_notion_of_fear
4826,2024-04-01 11:00:09,The Notion of Fear audio,the_notion_of_fear,https://www.patreon.com/posts/notion-of-fear-101428356,False,False,,60.71961667,20240401_the_notion_of_fear,20240401_the_notion_of_fear
9482,2024-03-28 11:00:09,Judging a book by its cover from the back audio,judging_a_book_by_its_cover_from_the_back,https://www.patreon.com/posts/judging-book-by-101173557,False,True,,59.17298333,20240328_judging_a_book_by_its_cover_from_the_back,20240328_judging_a_book_by_its_cover_from_the_back
4439,2024-03-28 11:00:06,Judging a book by its cover from the back video,judging_a_book_by_its_cover_from_the_back,https://www.patreon.com/posts/judging-book-by-101173514,True,True,,59.17298333,20240328_judging_a_book_by_its_cover_from_the_back,20240328_judging_a_book_by_its_cover_from_the_back
4754,2024-03-25 12:02:00,61 The Midwest VIDEO,61_the_midwest,https://www.patreon.com/posts/61-midwest-video-100892119,True,False,https://www.youtube.com/watch?v=i8VOV4ki6Xg,66.9621,20240325_61_the_midwest,20240325_61_the_midwest
2599,2024-03-25 12:00:07,61 The Midwest,61_the_midwest,https://www.patreon.com/posts/61-midwest-100890939,False,False,,66.9621,20240325_61_the_midwest,20240325_61_the_midwest
5076,2024-03-21 12:01:00,Bad Day VIDEO,bad_day,https://www.patreon.com/posts/bad-day-video-100711517,True,True,,65.2096,20240321_bad_day,20240321_bad_day
6720,2024-03-21 12:00:05,Bad Day,bad_day,https://www.patreon.com/posts/bad-day-100711425,False,True,,65.2096,20240321_bad_day,20240321_bad_day
2401,2024-03-18 11:00:08,59 Spring Break Tales video,59_spring_break_tales,https://www.patreon.com/posts/59-spring-break-100559288,True,False,https://www.youtube.com/watch?v=lCTm9u9hrHk,71.33208333,20240318_59_spring_break_tales,20240318_59_spring_break_tales
1555,2024-03-18 11:00:08,59 Spring Break Tales audio,59_spring_break_tales,https://www.patreon.com/posts/59-spring-break-100559280,False,False,,71.33208333,20240318_59_spring_break_tales,20240318_59_spring_break_tales
6048,2024-03-14 12:05:40,Midnight Snack video,midnight_snack,https://www.patreon.com/posts/midnight-snack-100330170,True,True,,67.9328,20240314_midnight_snack,20240314_midnight_snack
9442,2024-03-14 11:00:08,Midnight Snacks audio,midnight_snacks,https://www.patreon.com/posts/midnight-snacks-100330197,False,True,,,20240314_midnight_snacks,20240314_midnight_snacks
6400,2024-03-11 12:15:01,LIVE SHOW  LOS ANGELES 48,live_show___los_angeles_48,https://www.patreon.com/posts/live-show-los-4-100132795,False,False,,,20240311_live_show___los_angeles_48,20240311_live_show___los_angeles_48
7051,2024-03-11 12:02:00,58 Betrayal The Story of The Cyberattack From Within,58_betrayal_the_story_of_the_cyberattack_from_within,https://www.patreon.com/posts/58-betrayal-of-100133057,True,False,https://www.youtube.com/watch?v=mjHUvwi7f58,62.53618333,20240311_58_betrayal_the_story_of_the_cyberattack_from_within,20240311_58_betrayal_the_story_of_the_cyberattack_from_within
1842,2024-03-11 12:02:00,58 Betrayal The Story of The Cyberattack From Within,58_betrayal_the_story_of_the_cyberattack_from_within,https://www.patreon.com/posts/58-betrayal-of-100125705,False,False,,62.53618333,20240311_58_betrayal_the_story_of_the_cyberattack_from_within,20240311_58_betrayal_the_story_of_the_cyberattack_from_within
9276,2024-03-07 13:00:07,The Immense Pressure of Being a Rising Podcaster VIDEO,the_immense_pressure_of_being_a_rising_podcaster,https://www.patreon.com/posts/immense-pressure-99891664,True,True,,67.01618333,20240307_the_immense_pressure_of_being_a_rising_podcaster,20240307_the_immense_pressure_of_being_a_rising_podcaster
7923,2024-03-07 13:00:07,The Immense Pressure of Being a Rising Podcaster,the_immense_pressure_of_being_a_rising_podcaster,https://www.patreon.com/posts/immense-pressure-99890941,False,True,,67.01618333,20240307_the_immense_pressure_of_being_a_rising_podcaster,20240307_the_immense_pressure_of_being_a_rising_podcaster
4970,2024-03-04 12:00:12,57 Should You Respect Old People,57_should_you_respect_old_people,https://www.patreon.com/posts/57-should-you-99688465,False,False,,66.17938333,20240304_57_should_you_respect_old_people,20240304_57_should_you_respect_old_people
3323,2024-03-04 12:00:12,57 Should You Respect Old People VIDEO,57_should_you_respect_old_people,https://www.patreon.com/posts/57-should-you-99688459,True,False,https://www.youtube.com/watch?v=QVIDD7pkI54,66.17938333,20240304_57_should_you_respect_old_people,20240304_57_should_you_respect_old_people
7082,2024-02-29 12:00:11,Relaxing Water Conversation  Peaceful Ambience for Spa Yoga and Relaxation video,relaxing_water_conversation,https://www.patreon.com/posts/relaxing-water-99413687,True,True,,60.67413333,20240229_relaxing_water_conversation,20240229_relaxing_water_conversation
4184,2024-02-29 12:00:10,Relaxing Water Conversation  Peaceful Ambience for Spa Yoga and Relaxation audio,relaxing_water_conversation,https://www.patreon.com/posts/relaxing-water-99413588,False,True,,60.67413333,20240229_relaxing_water_conversation,20240229_relaxing_water_conversation
3703,2024-02-26 13:01:01,56 Cars,56_cars,https://www.patreon.com/posts/56-cars-99205859,True,False,https://www.youtube.com/watch?v=aW7ushxCE70,52.42026667,20240226_56_cars,20240226_56_cars
9978,2024-02-26 13:01:01,56 Cars,56_cars,https://www.patreon.com/posts/56-cars-99204998,False,False,,52.42026667,20240226_56_cars,20240226_56_cars
1466,2024-02-22 18:50:03,Emergency Survival Preparations VIDEO FIXED,emergency_survival_preparations,https://www.patreon.com/posts/emergency-video-99010605,True,True,,57.81938333,20240222_emergency_survival_preparations,20240222_emergency_survival_preparations
2769,2024-02-22 13:00:06,Emergency Survival Preparations,emergency_survival_preparations,https://www.patreon.com/posts/emergency-98808308,False,True,,57.81938333,20240222_emergency_survival_preparations,20240222_emergency_survival_preparations
7038,2024-02-19 12:00:10,55 People Want To Harm Us,55_people_want_to_harm_us,https://www.patreon.com/posts/55-people-want-98739217,False,False,,63.74471667,20240219_55_people_want_to_harm_us,20240219_55_people_want_to_harm_us
9536,2024-02-19 12:00:08,55 People Want To Harm Us video,55_people_want_to_harm_us,https://www.patreon.com/posts/55-people-want-98739213,True,False,https://www.youtube.com/watch?v=jI6RaFvhMhk,63.74471667,20240219_55_people_want_to_harm_us,20240219_55_people_want_to_harm_us
5632,2024-02-15 12:00:09,How to Cultivate Trustworthy Instincts video,how_to_cultivate_trustworthy_instincts,https://www.patreon.com/posts/how-to-cultivate-98506773,True,True,,66.032,20240215_how_to_cultivate_trustworthy_instincts,20240215_how_to_cultivate_trustworthy_instincts
7580,2024-02-15 12:00:09,How to Cultivate Trustworthy Instincts audio,how_to_cultivate_trustworthy_instincts,https://www.patreon.com/posts/how-to-cultivate-98506767,False,True,,66.032,20240215_how_to_cultivate_trustworthy_instincts,20240215_how_to_cultivate_trustworthy_instincts
5376,2024-02-12 13:01:03,54 Cheifs Win,54_cheifs_win,https://www.patreon.com/posts/54-cheifs-win-98301583,False,False,,64.46536667,20240212_54_cheifs_win,20240212_54_cheifs_win
6270,2024-02-12 13:01:02,54 Cheifs Win VIDEO,54_cheifs_win,https://www.patreon.com/posts/54-cheifs-win-98303024,True,False,https://www.youtube.com/watch?v=m-VCgm8HFPw,64.46536667,20240212_54_cheifs_win,20240212_54_cheifs_win
3108,2024-02-08 13:00:04,Guys Talking Grammys VIDEO,guys_talking_grammys,https://www.patreon.com/posts/guys-talking-97951650,True,True,,62.17208333,20240208_guys_talking_grammys,20240208_guys_talking_grammys
6892,2024-02-08 13:00:04,Guys Talking Grammys,guys_talking_grammys,https://www.patreon.com/posts/guys-talking-97951548,False,True,,62.17208333,20240208_guys_talking_grammys,20240208_guys_talking_grammys
4642,2024-02-05 12:00:07,30 Year Olds Thinking About Getting In Shape FULL MOVIE  4K  FREE video,30_year_olds_thinking_about_getting_in_shape,https://www.patreon.com/posts/30-year-olds-in-97839824,True,False,https://www.youtube.com/watch?v=xA-DXDymGOM,63.91965,20240205_30_year_olds_thinking_about_getting_in_shape,20240205_30_year_olds_thinking_about_getting_in_shape
5171,2024-02-05 12:00:07,30 Year Olds Thinking About Getting In Shape FULL MOVIE  4K  FREE audio,30_year_olds_thinking_about_getting_in_shape,https://www.patreon.com/posts/30-year-olds-in-97839821,False,False,,63.91965,20240205_30_year_olds_thinking_about_getting_in_shape,20240205_30_year_olds_thinking_about_getting_in_shape
1250,2024-02-01 12:00:09,Groceries video,groceries,https://www.patreon.com/posts/groceries-video-97599797,True,True,,65.60675,20240201_groceries,20240201_groceries
6924,2024-02-01 12:00:09,Groceries audio,groceries,https://www.patreon.com/posts/groceries-audio-97599115,False,True,,65.60675,20240201_groceries,20240201_groceries
4839,2024-01-29 13:01:01,58 Old Timey Baddies VIDEO,58_old_timey_baddies,https://www.patreon.com/posts/58-old-timey-97397452,True,False,https://www.youtube.com/watch?v=DyvCVzzHgcA,63.54546667,20240129_58_old_timey_baddies,20240129_58_old_timey_baddies
2941,2024-01-29 13:00:14,58 Old Timey Baddies,58_old_timey_baddies,https://www.patreon.com/posts/58-old-timey-97397400,False,False,,63.54546667,20240129_58_old_timey_baddies,20240129_58_old_timey_baddies
7065,2024-01-25 12:00:13,1 YEAR ANNIVERSARY CELEBRATION VIDEO,1_year_anniversary_celebration,https://www.patreon.com/posts/1-year-video-97145584,True,True,,65.41688333,20240125_1_year_anniversary_celebration,20240125_1_year_anniversary_celebration
3814,2024-01-25 12:00:12,1 YEAR ANNIVERSARY CELEBRATION,1_year_anniversary_celebration,https://www.patreon.com/posts/1-year-97145057,False,True,,65.41688333,20240125_1_year_anniversary_celebration,20240125_1_year_anniversary_celebration
1309,2024-01-22 12:00:10,51 Exclusive Ron DeSantis Interview without Ron DeSantis audio,51_exclusive_ron_desantis_interview_without_ron_desantis,https://www.patreon.com/posts/51-exclusive-ron-96947085,False,False,,64.85953333,20240122_51_exclusive_ron_desantis_interview_without_ron_desantis,20240122_51_exclusive_ron_desantis_interview_without_ron_desantis
3901,2024-01-22 12:00:09,51 Exclusive Ron DeSantis Interview without Ron DeSantis video,51_exclusive_ron_desantis_interview_without_ron_desantis,https://www.patreon.com/posts/51-exclusive-ron-96947083,True,False,https://www.youtube.com/watch?v=e0rkBtmbjig,64.85953333,20240122_51_exclusive_ron_desantis_interview_without_ron_desantis,20240122_51_exclusive_ron_desantis_interview_without_ron_desantis
4811,2024-01-18 12:00:04,We Made The Jacob Leiser 2023 List audio,we_made_the_jacob_leiser_2023_list,https://www.patreon.com/posts/we-made-jacob-96681788,False,True,,64.17565,20240118_we_made_the_jacob_leiser_2023_list,20240118_we_made_the_jacob_leiser_2023_list
3342,2024-01-18 12:00:04,We Made The Jacob Leiser 2023 List video,we_made_the_jacob_leiser_2023_list,https://www.patreon.com/posts/we-made-jacob-96681778,True,True,,64.17565,20240118_we_made_the_jacob_leiser_2023_list,20240118_we_made_the_jacob_leiser_2023_list
5366,2024-01-15 12:01:01,50 Wild Ass Celebrity Rumors VIDEO,50_wild_ass_celebrity_rumors,https://www.patreon.com/posts/50-wild-ass-96456520,True,False,https://www.youtube.com/watch?v=peeHL18rbj4,60.8568,20240115_50_wild_ass_celebrity_rumors,20240115_50_wild_ass_celebrity_rumors
5576,2024-01-15 12:00:08,50 Wild Ass Celebrity Rumors,50_wild_ass_celebrity_rumors,https://www.patreon.com/posts/50-wild-ass-96455879,False,False,,60.8568,20240115_50_wild_ass_celebrity_rumors,20240115_50_wild_ass_celebrity_rumors
1003,2024-01-11 12:05:00,Crazy Ass Golden Globes Recap VIDEO,crazy_ass_golden_globes_recap,https://www.patreon.com/posts/crazy-ass-golden-96280818,True,True,,69.05066667,20240111_crazy_ass_golden_globes_recap,20240111_crazy_ass_golden_globes_recap
3515,2024-01-11 12:05:00,Crazy Ass Golden Globes Recap,crazy_ass_golden_globes_recap,https://www.patreon.com/posts/crazy-ass-golden-96279688,False,True,,69.05066667,20240111_crazy_ass_golden_globes_recap,20240111_crazy_ass_golden_globes_recap
4305,2024-01-08 12:00:06,49 English Practice Conversation about Travel video,49_english_practice_conversation_about_travel,https://www.patreon.com/posts/49-english-about-96054496,True,False,https://www.youtube.com/watch?v=ihsg7zNiEX0,67.88005,20240108_49_english_practice_conversation_about_travel,20240108_49_english_practice_conversation_about_travel
1117,2024-01-08 12:00:05,49 English Practice Conversation about Travel audio,49_english_practice_conversation_about_travel,https://www.patreon.com/posts/49-english-about-96054499,False,False,,67.88005,20240108_49_english_practice_conversation_about_travel,20240108_49_english_practice_conversation_about_travel
9171,2024-01-04 12:00:05,Epstein List Revealed by Truth Artists video,epstein_list_revealed_by_truth_artists,https://www.patreon.com/posts/epstein-list-by-95819415,True,True,,66.08746667,20240104_epstein_list_revealed_by_truth_artists,20240104_epstein_list_revealed_by_truth_artists
2362,2024-01-04 12:00:05,Epstein List Revealed by Truth Artists audio,epstein_list_revealed_by_truth_artists,https://www.patreon.com/posts/epstein-list-by-95819322,False,True,,66.08746667,20240104_epstein_list_revealed_by_truth_artists,20240104_epstein_list_revealed_by_truth_artists
3984,2024-01-01 12:05:00,48 2024 Stock Market PredictionsAnalysis VIDEO,48_2024_stock_market_predictionsanalysis,https://www.patreon.com/posts/48-2024-stock-95618181,True,False,https://www.youtube.com/watch?v=D9xLDD8pFN0,66.74208333,20240101_48_2024_stock_market_predictionsanalysis,20240101_48_2024_stock_market_predictionsanalysis
4831,2024-01-01 12:00:08,48 2024 Stock Market PredictionsAnalysis,48_2024_stock_market_predictionsanalysis,https://www.patreon.com/posts/48-2024-stock-95522288,False,False,,66.74208333,20240101_48_2024_stock_market_predictionsanalysis,20240101_48_2024_stock_market_predictionsanalysis
3827,2023-12-28 12:00:06,The Nightcap Files VIDEO,the_nightcap_files,https://www.patreon.com/posts/nightcap-files-95405770,True,True,,66.81813333,20231228_the_nightcap_files,20231228_the_nightcap_files
1503,2023-12-28 12:00:06,The Nightcap Files,the_nightcap_files,https://www.patreon.com/posts/nightcap-files-95401852,False,True,,66.81813333,20231228_the_nightcap_files,20231228_the_nightcap_files
9292,2023-12-25 12:00:08,Spend Christmas With Three Struggling Comedians,spend_christmas_with_three_struggling_comedians,https://www.patreon.com/posts/spend-christmas-95144254,False,False,,71.11963333,20231225_spend_christmas_with_three_struggling_comedians,20231225_spend_christmas_with_three_struggling_comedians
7069,2023-12-25 12:00:07,Spend Christmas With Three Struggling Comedians,spend_christmas_with_three_struggling_comedians,https://www.patreon.com/posts/spend-christmas-95144250,True,False,https://www.youtube.com/watch?v=t7paCugZOMw,71.11963333,20231225_spend_christmas_with_three_struggling_comedians,20231225_spend_christmas_with_three_struggling_comedians
7089,2023-12-21 12:00:07,Christmas Pt 2  The Dark Side of Christmas video,christmas_pt_2___the_dark_side_of_christmas,https://www.patreon.com/posts/christmas-pt-2-94916055,True,True,,60.18808333,20231221_christmas_pt_2___the_dark_side_of_christmas,20231221_christmas_pt_2___the_dark_side_of_christmas
9667,2023-12-21 12:00:04,Christmas Pt 2  The Dark Side of Christmas audio,christmas_pt_2___the_dark_side_of_christmas,https://www.patreon.com/posts/christmas-pt-2-94916084,False,True,,60.18808333,20231221_christmas_pt_2___the_dark_side_of_christmas,20231221_christmas_pt_2___the_dark_side_of_christmas
2063,2023-12-18 12:00:07,46 Christmast Joy Pt1 VIDEO,46_christmast_joy_pt1,https://www.patreon.com/posts/46-christmast-pt-94859353,True,False,https://www.youtube.com/watch?v=EyNi_VxEnTI,65.32818333,20231218_46_christmast_joy_pt1,20231218_46_christmast_joy_pt1
1707,2023-12-18 12:00:07,46 Christmas Joy Pt 1,46_christmas_joy_pt_1,https://www.patreon.com/posts/46-christmas-joy-94807762,False,False,,,20231218_46_christmas_joy_pt_1,20231218_46_christmas_joy_pt_1
5513,2023-12-14 12:15:01,Mental  Physical Toughness Bootcamp VIDEO,mental__physical_toughness_bootcamp,https://www.patreon.com/posts/mental-physical-94644984,True,True,,64.6016,20231214_mental__physical_toughness_bootcamp,20231214_mental__physical_toughness_bootcamp
8192,2023-12-14 12:14:01,Mental  Physical Toughness Bootcamp,mental__physical_toughness_bootcamp,https://www.patreon.com/posts/mental-physical-94623216,False,True,,64.6016,20231214_mental__physical_toughness_bootcamp,20231214_mental__physical_toughness_bootcamp
5813,2023-12-11 12:00:06,The First Episode 1182022,the_first_episode_1182022,https://www.patreon.com/posts/first-episode-11-94439630,True,False,https://www.youtube.com/watch?v=8_GeGggyyVQ,35.23485,20231211_the_first_episode_1182022,20231211_the_first_episode_1182022
3240,2023-12-11 12:00:06,The First Episode 1182022,the_first_episode_1182022,https://www.patreon.com/posts/first-episode-11-94439614,False,False,,35.23485,20231211_the_first_episode_1182022,20231211_the_first_episode_1182022
7487,2023-12-07 12:00:07,Boost Your Energy In 3 Days audio,boost_your_energy_in_3_days,https://www.patreon.com/posts/boost-your-in-3-94215347,False,True,,69.68071667,20231207_boost_your_energy_in_3_days,20231207_boost_your_energy_in_3_days
3195,2023-12-07 12:00:07,Boost Your Energy In 3 Days video,boost_your_energy_in_3_days,https://www.patreon.com/posts/boost-your-in-3-94215346,True,True,,69.68071667,20231207_boost_your_energy_in_3_days,20231207_boost_your_energy_in_3_days
3643,2023-12-04 12:00:10,45 TV vs Movies Epic Debate,45_tv_vs_movies_epic_debate,https://www.patreon.com/posts/45-tv-vs-movies-94047031,False,False,,60.41066667,20231204_45_tv_vs_movies_epic_debate,20231204_45_tv_vs_movies_epic_debate
6299,2023-12-04 12:00:09,45 TV vs Movies Epic Debate,45_tv_vs_movies_epic_debate,https://www.patreon.com/posts/45-tv-vs-movies-94047088,True,False,https://www.youtube.com/watch?v=-bx7xZ7UwrE,60.41066667,20231204_45_tv_vs_movies_epic_debate,20231204_45_tv_vs_movies_epic_debate
1049,2023-11-30 12:00:07,Global Brand Marketplace Analysis VIDEO,global_brand_marketplace_analysis,https://www.patreon.com/posts/global-brand-93800438,True,True,,66.25066667,20231130_global_brand_marketplace_analysis,20231130_global_brand_marketplace_analysis
5079,2023-11-30 12:00:07,Global Brand Marketplace Analysis,global_brand_marketplace_analysis,https://www.patreon.com/posts/global-brand-93796774,False,True,,66.25066667,20231130_global_brand_marketplace_analysis,20231130_global_brand_marketplace_analysis
9302,2023-11-27 12:00:08,44 Atheists React to Christmas for First Time VIDEO,44_atheists_react_to_christmas_for_first_time,https://www.patreon.com/posts/44-atheists-to-93586720,True,False,https://www.youtube.com/watch?v=EXXbncYYMdI,62.06675,20231127_44_atheists_react_to_christmas_for_first_time,20231127_44_atheists_react_to_christmas_for_first_time
1490,2023-11-27 12:00:07,44 Atheists React to Christmas for First Time,44_atheists_react_to_christmas_for_first_time,https://www.patreon.com/posts/44-atheists-to-93586721,False,False,,62.06675,20231127_44_atheists_react_to_christmas_for_first_time,20231127_44_atheists_react_to_christmas_for_first_time
6508,2023-11-23 12:00:05,Controversial Thanksgiving Debate audio,controversial_thanksgiving_debate,https://www.patreon.com/posts/controversial-93365254,False,True,,65.93955,20231123_controversial_thanksgiving_debate,20231123_controversial_thanksgiving_debate
3586,2023-11-23 12:00:05,Controversial Thanksgiving Debate video,controversial_thanksgiving_debate,https://www.patreon.com/posts/controversial-93365252,True,True,,65.93955,20231123_controversial_thanksgiving_debate,20231123_controversial_thanksgiving_debate
8238,2023-11-20 13:00:11,43 We Talk To A Rockstar ft Hotline TNTs Will Anderson,43_we_talk_to_a_rockstar_ft_hotline_tnts_will_anderson,https://www.patreon.com/posts/43-we-talk-to-ft-93203199,True,False,https://www.youtube.com/watch?v=S84qZFh-F4I,63.03425,20231120_43_we_talk_to_a_rockstar_ft_hotline_tnts_will_anderson,20231120_43_we_talk_to_a_rockstar_ft_hotline_tnts_will_anderson
2372,2023-11-20 13:00:10,43 We Talk To A Rockstar ft Hotline TNTs Will Anderson,43_we_talk_to_a_rockstar_ft_hotline_tnts_will_anderson,https://www.patreon.com/posts/43-we-talk-to-ft-93147028,False,False,,63.03425,20231120_43_we_talk_to_a_rockstar_ft_hotline_tnts_will_anderson,20231120_43_we_talk_to_a_rockstar_ft_hotline_tnts_will_anderson
6001,2023-11-16 12:30:03,Complimenting Celebrities VIDEO,complimenting_celebrities,https://www.patreon.com/posts/complimenting-92980660,True,True,,62.44266667,20231116_complimenting_celebrities,20231116_complimenting_celebrities
7355,2023-11-16 12:30:01,Complimenting Celebrities,complimenting_celebrities,https://www.patreon.com/posts/complimenting-92980489,False,True,,62.44266667,20231116_complimenting_celebrities,20231116_complimenting_celebrities
6195,2023-11-13 12:00:06,42 Rock Bottom video,42_rock_bottom,https://www.patreon.com/posts/42-rock-bottom-92771714,True,False,https://www.youtube.com/watch?v=XiF9W-xPoag,68.0455,20231113_42_rock_bottom,20231113_42_rock_bottom
4770,2023-11-13 12:00:06,42 Rock Bottom audio,42_rock_bottom,https://www.patreon.com/posts/42-rock-bottom-92771168,False,False,,68.0455,20231113_42_rock_bottom,20231113_42_rock_bottom
6612,2023-11-09 12:00:04,Richuals audio,richuals,https://www.patreon.com/posts/richuals-audio-92553092,False,True,,65.58685,20231109_richuals,20231109_richuals
9237,2023-11-09 12:00:04,Richuals video,richuals,https://www.patreon.com/posts/richuals-video-92553088,True,True,,65.58685,20231109_richuals,20231109_richuals
7121,2023-11-06 12:00:07,41 Morning Meditations VIDEO,41_morning_meditations,https://www.patreon.com/posts/41-morning-video-92368156,True,False,https://www.youtube.com/watch?v=U-egHLDn9hY,64.2622,20231106_41_morning_meditations,20231106_41_morning_meditations
9204,2023-11-06 12:00:07,41 Morning Meditations,41_morning_meditations,https://www.patreon.com/posts/41-morning-92356461,False,False,,64.2622,20231106_41_morning_meditations,20231106_41_morning_meditations
5897,2023-11-02 11:00:06,2023 Is Officially Over Its Time To Get Real VIDEO,2023_is_officially_over_its_time_to_get_real,https://www.patreon.com/posts/2023-is-over-its-92136265,True,True,,63.93955,20231102_2023_is_officially_over_its_time_to_get_real,20231102_2023_is_officially_over_its_time_to_get_real
2724,2023-11-02 11:00:06,2023 Is Officially Over Its Time To Get Real,2023_is_officially_over_its_time_to_get_real,https://www.patreon.com/posts/2023-is-over-its-92136202,False,True,,63.93955,20231102_2023_is_officially_over_its_time_to_get_real,20231102_2023_is_officially_over_its_time_to_get_real
3671,2023-10-30 11:00:07,40 Joy Ween video,40_joy_ween,https://www.patreon.com/posts/40-joy-ween-91903703,True,False,https://www.youtube.com/watch?v=GTteF6ATy5M,67.18016667,20231030_40_joy_ween,20231030_40_joy_ween
5069,2023-10-30 11:00:06,40 Joy Ween audio,40_joy_ween,https://www.patreon.com/posts/40-joy-ween-91903702,False,False,,67.18016667,20231030_40_joy_ween,20231030_40_joy_ween
5199,2023-10-26 11:00:05,BONUS How To Roll With Punches VIDEO,bonus_how_to_roll_with_punches,https://www.patreon.com/posts/bonus-how-to-91673355,True,True,,58.17421667,20231026_bonus_how_to_roll_with_punches,20231026_bonus_how_to_roll_with_punches
1761,2023-10-26 11:00:05,BONUS How To Roll With Punches,bonus_how_to_roll_with_punches,https://www.patreon.com/posts/bonus-how-to-91673352,False,True,,58.17421667,20231026_bonus_how_to_roll_with_punches,20231026_bonus_how_to_roll_with_punches
6907,2023-10-23 11:00:04,39 Regarding The Current State Of The Music Industry VIDEO,39_regarding_the_current_state_of_the_music_industry,https://www.patreon.com/posts/39-regarding-of-91375436,True,False,https://www.youtube.com/watch?v=nblctfWW6n4,72.62815,20231023_39_regarding_the_current_state_of_the_music_industry,20231023_39_regarding_the_current_state_of_the_music_industry
4291,2023-10-23 11:00:04,39 Regarding The Current State Of The Music Industry,39_regarding_the_current_state_of_the_music_industry,https://www.patreon.com/posts/39-regarding-of-91374617,False,False,,72.62815,20231023_39_regarding_the_current_state_of_the_music_industry,20231023_39_regarding_the_current_state_of_the_music_industry
1440,2023-10-19 11:00:04,Joy Tactics Live in NY  Ft Joe Pera Sarah Sherman Conner OMalley,joy_tactics_live_in_ny,https://www.patreon.com/posts/joy-tactics-live-91227578,True,True,,73.47165,20231019_joy_tactics_live_in_ny,20231019_joy_tactics_live_in_ny
1867,2023-10-19 11:00:04,Joy Tactics Live in NY  Ft Joe Pera Sarah Sherman Conner OMalley,joy_tactics_live_in_ny,https://www.patreon.com/posts/joy-tactics-live-91227567,False,True,,73.47165,20231019_joy_tactics_live_in_ny,20231019_joy_tactics_live_in_ny
9496,2023-10-16 11:00:05,38 Being Late To Stuff VIDEO,38_being_late_to_stuff,https://www.patreon.com/posts/38-being-late-to-91060681,True,False,https://www.youtube.com/watch?v=AMzTiVITw8w,67.35218333,20231016_38_being_late_to_stuff,20231016_38_being_late_to_stuff
8370,2023-10-16 11:00:05,38 Being Late To Stuff,38_being_late_to_stuff,https://www.patreon.com/posts/38-being-late-to-91042912,False,False,,67.35218333,20231016_38_being_late_to_stuff,20231016_38_being_late_to_stuff
6581,2023-10-12 11:00:05,Coming Out Of Our Cocoons,coming_out_of_our_cocoons,https://www.patreon.com/posts/coming-out-of-90793464,False,True,,66.28338333,20231012_coming_out_of_our_cocoons,20231012_coming_out_of_our_cocoons
2214,2023-10-12 11:00:05,Coming Out Of Our Cocoons VIDEO,coming_out_of_our_cocoons,https://www.patreon.com/posts/coming-out-of-90793461,True,True,,66.28338333,20231012_coming_out_of_our_cocoons,20231012_coming_out_of_our_cocoons
9473,2023-10-09 11:00:05,37  Technology,37__technology,https://www.patreon.com/posts/37-technology-90556664,False,False,,,20231009_37__technology,20231009_37__technology
8590,2023-10-09 11:00:05,37 Technology,37_technology,https://www.patreon.com/posts/37-technology-90556616,False,False,,,20231009_37_technology,20231009_37_technology
3057,2023-10-05 11:00:05,Regarding The Current State of Comedy VIDEO,regarding_the_current_state_of_comedy,https://www.patreon.com/posts/regarding-state-90362840,True,True,,61.78488333,20231005_regarding_the_current_state_of_comedy,20231005_regarding_the_current_state_of_comedy
7564,2023-10-05 11:00:05,Regarding The Current State of Comedy,regarding_the_current_state_of_comedy,https://www.patreon.com/posts/regarding-state-90356428,False,True,,61.78488333,20231005_regarding_the_current_state_of_comedy,20231005_regarding_the_current_state_of_comedy
7281,2023-10-02 11:00:06,36 Recovery video,36_recovery,https://www.patreon.com/posts/36-recovery-90171730,True,False,https://www.youtube.com/watch?v=kcTSZzTtLjc,67.15268333,20231002_36_recovery,20231002_36_recovery
5133,2023-10-02 11:00:05,36 Recovery audio,36_recovery,https://www.patreon.com/posts/36-recovery-90171729,False,False,,67.15268333,20231002_36_recovery,20231002_36_recovery
3399,2023-09-28 11:00:04,Intense Claudia ODoherty Interview video,intense_claudia_odoherty_interview,https://www.patreon.com/posts/intense-claudia-89956986,True,True,,80.9438,20230928_intense_claudia_odoherty_interview,20230928_intense_claudia_odoherty_interview
1021,2023-09-28 11:00:04,Intense Claudia ODoherty Interview audio,intense_claudia_odoherty_interview,https://www.patreon.com/posts/intense-claudia-89956504,False,True,,80.9438,20230928_intense_claudia_odoherty_interview,20230928_intense_claudia_odoherty_interview
4082,2023-09-25 8:01:00,35 Alienz ft Conner OMalley,35_alienz_ft_conner_omalley,https://www.patreon.com/posts/35-alienz-ft-89786066,False,False,,79.3273,20230925_35_alienz_ft_conner_omalley,20230925_35_alienz_ft_conner_omalley
8150,2023-09-25 8:00:03,35 Alienz ft Conner OMalley,35_alienz_ft_conner_omalley,https://www.patreon.com/posts/35-alienz-ft-89786104,True,False,https://www.youtube.com/watch?v=5RAnVZENOpA,79.3273,20230925_35_alienz_ft_conner_omalley,20230925_35_alienz_ft_conner_omalley
9233,2023-09-21 11:00:03,Fashion ft Megan Stalter VIDEO,fashion_ft_megan_stalter,https://www.patreon.com/posts/fashion-ft-megan-89493076,True,True,,64.05688333,20230921_fashion_ft_megan_stalter,20230921_fashion_ft_megan_stalter
1196,2023-09-21 11:00:03,Fashion ft Megan Stalter,fashion_ft_megan_stalter,https://www.patreon.com/posts/fashion-ft-megan-89489490,False,True,,64.05688333,20230921_fashion_ft_megan_stalter,20230921_fashion_ft_megan_stalter
3673,2023-09-18 14:13:01,Joy Tactics Live in LA Ft John Early and Sarah Sherman audio,joy_tactics_live_in_la_ft_john_early_and_sarah_sherman,https://www.patreon.com/posts/joy-tactics-live-89454477,False,False,,78.17423333,20230918_joy_tactics_live_in_la_ft_john_early_and_sarah_sherman,20230918_joy_tactics_live_in_la_ft_john_early_and_sarah_sherman
6456,2023-09-18 11:01:00,Joy Tactics Live in LA Ft John Early and Sarah Sherman video,joy_tactics_live_in_la_ft_john_early_and_sarah_sherman,https://www.patreon.com/posts/joy-tactics-live-89426497,True,False,https://www.youtube.com/watch?v=OvoaDihHiUQ,78.17423333,20230918_joy_tactics_live_in_la_ft_john_early_and_sarah_sherman,20230918_joy_tactics_live_in_la_ft_john_early_and_sarah_sherman
8143,2023-09-14 11:01:00,LA vs NYC VIDEO,la_vs_nyc,https://www.patreon.com/posts/la-vs-nyc-video-89239170,True,True,,61.17955,20230914_la_vs_nyc,20230914_la_vs_nyc
1902,2023-09-14 11:00:05,LA vs NYC,la_vs_nyc,https://www.patreon.com/posts/la-vs-nyc-89238193,False,True,,61.17955,20230914_la_vs_nyc,20230914_la_vs_nyc
8457,2023-09-11 11:00:04,33 Taking Risks Can Destroy You,33_taking_risks_can_destroy_you,https://www.patreon.com/posts/33-taking-risks-89042904,False,False,,76.13013333,20230911_33_taking_risks_can_destroy_you,20230911_33_taking_risks_can_destroy_you
5533,2023-09-11 11:00:04,33 Taking Risks Can Destroy You VIDEO,33_taking_risks_can_destroy_you,https://www.patreon.com/posts/33-taking-risks-89042870,True,False,https://www.youtube.com/watch?v=N8vI-9p0kyM,76.13013333,20230911_33_taking_risks_can_destroy_you,20230911_33_taking_risks_can_destroy_you
7637,2023-09-07 11:00:04,Crazy Ass Celebrity Gossip  AMA VIDEO,crazy_ass_celebrity_gossip__ama,https://www.patreon.com/posts/crazy-ass-gossip-88888761,True,True,,68.60266667,20230907_crazy_ass_celebrity_gossip__ama,20230907_crazy_ass_celebrity_gossip__ama
9002,2023-09-07 11:00:04,Crazy Ass Celebrity Gossip  AMA,crazy_ass_celebrity_gossip__ama,https://www.patreon.com/posts/crazy-ass-gossip-88888715,False,True,,68.60266667,20230907_crazy_ass_celebrity_gossip__ama,20230907_crazy_ass_celebrity_gossip__ama
4107,2023-09-04 11:01:00,33 Health video,33_health,https://www.patreon.com/posts/33-health-video-88720283,True,False,https://www.youtube.com/watch?v=QJbdbw4-k_k,62.65813333,20230904_33_health,20230904_33_health
7783,2023-09-04 11:01:00,33 Health audio,33_health,https://www.patreon.com/posts/33-health-audio-88720038,False,False,,62.65813333,20230904_33_health,20230904_33_health
6055,2023-08-31 23:39:37,JOY TACTICS LIVE IN LOS ANGELES 914,joy_tactics_live_in_los_angeles_914,https://www.patreon.com/posts/joy-tactics-live-88571883,False,True,,,20230831_joy_tactics_live_in_los_angeles_914,20230831_joy_tactics_live_in_los_angeles_914
1876,2023-08-31 11:00:06,Apologizing,apologizing,https://www.patreon.com/posts/apologizing-88521656,False,True,,58.71431667,20230831_apologizing,20230831_apologizing
9745,2023-08-31 11:00:05,Apologizing VIDEO,apologizing,https://www.patreon.com/posts/apologizing-88521652,True,True,,58.71431667,20230831_apologizing,20230831_apologizing
9735,2023-08-28 11:00:09,32 Love VIDEO,32_love,https://www.patreon.com/posts/32-love-video-88361433,True,False,https://www.youtube.com/watch?v=rgNsbZ93g80,62.26488333,20230828_32_love,20230828_32_love
6022,2023-08-28 11:00:07,32 Love,32_love,https://www.patreon.com/posts/32-love-88361111,False,False,,62.26488333,20230828_32_love,20230828_32_love
8438,2023-08-24 11:01:01,Emergency Broadcast 2 VIDEO,emergency_broadcast_2,https://www.patreon.com/posts/emergency-2-88155501,True,True,,58.23005,20230824_emergency_broadcast_2,20230824_emergency_broadcast_2
1210,2023-08-24 11:00:06,Emergency Broadcast 2,emergency_broadcast_2,https://www.patreon.com/posts/emergency-2-88154740,False,True,,58.23005,20230824_emergency_broadcast_2,20230824_emergency_broadcast_2
4928,2023-08-21 11:00:07,31 The Perfect Podcast for Hospitals,31_the_perfect_podcast_for_hospitals,https://www.patreon.com/posts/31-perfect-for-88009375,False,False,,61.97013333,20230821_31_the_perfect_podcast_for_hospitals,20230821_31_the_perfect_podcast_for_hospitals
4534,2023-08-21 11:00:07,31 The Perfect Podcast for Hospitals VIDEO,31_the_perfect_podcast_for_hospitals,https://www.patreon.com/posts/31-perfect-for-88009373,True,False,https://www.youtube.com/watch?v=cMrIZiVDj3E,61.97013333,20230821_31_the_perfect_podcast_for_hospitals,20230821_31_the_perfect_podcast_for_hospitals
6740,2023-08-20 3:58:07,BIDEN 6 BLUNTS DEEP SITTING ON THE ROOF OF THE WHITE HOUSE WATCHING THE SUNSET,biden_6_blunts_deep_sitting_on_the_roof_of_the_white_house_watching_the_sunset,https://www.patreon.com/posts/biden-6-blunts-87962764,False,True,,,20230820_biden_6_blunts_deep_sitting_on_the_roof_of_the_white_house_watching_the_sunset,20230820_biden_6_blunts_deep_sitting_on_the_roof_of_the_white_house_watching_the_sunset
5565,2023-08-17 11:00:05,Addressing the Reddit Drama audio,addressing_the_reddit_drama,https://www.patreon.com/posts/addressing-drama-87766504,False,True,,63.83431667,20230817_addressing_the_reddit_drama,20230817_addressing_the_reddit_drama
5608,2023-08-17 11:00:05,Addressing the Reddit Drama video,addressing_the_reddit_drama,https://www.patreon.com/posts/addressing-drama-87766502,True,True,,63.83431667,20230817_addressing_the_reddit_drama,20230817_addressing_the_reddit_drama
9195,2023-08-14 11:01:01,30 Food VIDEO,30_food,https://www.patreon.com/posts/30-food-video-87660173,True,False,https://www.youtube.com/watch?v=Pvs8k_Rt2Rk,67.59218333,20230814_30_food,20230814_30_food
9971,2023-08-14 11:00:08,30 Food,30_food,https://www.patreon.com/posts/30-food-87659821,False,False,,67.59218333,20230814_30_food,20230814_30_food
5483,2023-08-10 11:00:08,Addressing The Eric Rahill Drama,addressing_the_eric_rahill_drama,https://www.patreon.com/posts/addressing-eric-87470191,False,True,,57.56693333,20230810_addressing_the_eric_rahill_drama,20230810_addressing_the_eric_rahill_drama
6533,2023-08-10 11:00:08,Addressing The Eric Rahill Drama,addressing_the_eric_rahill_drama,https://www.patreon.com/posts/addressing-eric-87470190,True,True,,57.56693333,20230810_addressing_the_eric_rahill_drama,20230810_addressing_the_eric_rahill_drama
4392,2023-08-07 11:00:06,29 Emergency Broadcast VIDEO,29_emergency_broadcast,https://www.patreon.com/posts/29-emergency-87249684,True,False,https://www.youtube.com/watch?v=bPVTmQHK0Ho,54.75946667,20230807_29_emergency_broadcast,20230807_29_emergency_broadcast
1584,2023-08-07 11:00:06,29 Emergency Broadcast,29_emergency_broadcast,https://www.patreon.com/posts/29-emergency-87248327,False,False,,54.75946667,20230807_29_emergency_broadcast,20230807_29_emergency_broadcast
5276,2023-08-03 11:01:01,Classic Rock ft Rachel Kaly VIDEO,classic_rock_ft_rachel_kaly,https://www.patreon.com/posts/classic-rock-ft-87111642,True,True,,65.65298333,20230803_classic_rock_ft_rachel_kaly,20230803_classic_rock_ft_rachel_kaly
1217,2023-08-03 11:00:06,Classic Rock ft Rachel Kaly,classic_rock_ft_rachel_kaly,https://www.patreon.com/posts/classic-rock-ft-86562207,False,True,,65.65298333,20230803_classic_rock_ft_rachel_kaly,20230803_classic_rock_ft_rachel_kaly
1601,2023-07-31 11:05:01,28 The Kid Friendly Episode,28_the_kid_friendly_episode,https://www.patreon.com/posts/28-kid-friendly-86922738,False,False,,58.90275,20230731_28_the_kid_friendly_episode,20230731_28_the_kid_friendly_episode
6864,2023-07-31 11:05:01,28 The Kid Friendly Episode VIDEO,28_the_kid_friendly_episode,https://www.patreon.com/posts/28-kid-friendly-86911569,True,False,https://www.youtube.com/watch?v=sddDmUwfJNE,58.90275,20230731_28_the_kid_friendly_episode,20230731_28_the_kid_friendly_episode
2671,2023-07-27 11:00:59,Nature Walk Turns Into Medical Emergency VIDEO,nature_walk_turns_into_medical_emergency,https://www.patreon.com/posts/nature-walk-into-86706720,True,True,,49.58365,20230727_nature_walk_turns_into_medical_emergency,20230727_nature_walk_turns_into_medical_emergency
4459,2023-07-27 11:00:06,Nature Walk Turns Into Medical Emergency,nature_walk_turns_into_medical_emergency,https://www.patreon.com/posts/nature-walk-into-86465467,False,True,,49.58365,20230727_nature_walk_turns_into_medical_emergency,20230727_nature_walk_turns_into_medical_emergency
8642,2023-07-24 8:01:00,27 Control ft Rachel Kaly VIDEO,27_control,https://www.patreon.com/posts/27-control-ft-86560219,True,False,https://www.youtube.com/watch?v=FJiAz4TTVbs,57.77493333,20230724_27_control,20230724_27_control
4864,2023-07-24 8:01:00,27 Control ft Rachel Kaly,27_control,https://www.patreon.com/posts/27-control-ft-86556592,False,False,,57.77493333,20230724_27_control,20230724_27_control
6737,2023-07-20 11:00:06,Do Vacations Make You Happy video,do_vacations_make_you_happy,https://www.patreon.com/posts/do-vacations-you-86345902,True,True,,56.77085,20230720_do_vacations_make_you_happy,20230720_do_vacations_make_you_happy
7508,2023-07-20 11:00:06,Do Vacations Make You Happy audio,do_vacations_make_you_happy,https://www.patreon.com/posts/do-vacations-you-86345691,False,True,,56.77085,20230720_do_vacations_make_you_happy,20230720_do_vacations_make_you_happy
4236,2023-07-17 8:00:06,26 Erics Bday,26_erics_bday,https://www.patreon.com/posts/26-erics-bday-86211183,True,False,https://www.youtube.com/watch?v=r8iX8u7KyiE,61.9609,20230717_26_erics_bday,20230717_26_erics_bday
5668,2023-07-17 8:00:06,26 Erics Bday,26_erics_bday,https://www.patreon.com/posts/26-erics-bday-86155494,False,False,,61.9609,20230717_26_erics_bday,20230717_26_erics_bday
9338,2023-07-13 11:00:05,Winston Churchill Biography VIDEO,winston_churchill_biography,https://www.patreon.com/posts/winston-video-85969585,True,True,,63.74471667,20230713_winston_churchill_biography,20230713_winston_churchill_biography
6284,2023-07-13 11:00:05,Winston Churchill Biography,winston_churchill_biography,https://www.patreon.com/posts/winston-85959456,False,True,,63.74471667,20230713_winston_churchill_biography,20230713_winston_churchill_biography
8353,2023-07-10 11:00:08,25 Videogames audio,25_videogames,https://www.patreon.com/posts/25-videogames-85855732,False,False,,62.31075,20230710_25_videogames,20230710_25_videogames
4739,2023-07-10 11:00:07,25 Videogames video,25_videogames,https://www.patreon.com/posts/25-videogames-85855748,True,False,https://www.youtube.com/watch?v=D9UEpx0qrF8,62.31075,20230710_25_videogames,20230710_25_videogames
2689,2023-07-09 20:09:32,YOURE BLACKOUT DRUNK IN THE 40s FIRE PLAYLIST,youre_blackout_drunk_in_the_40s,https://www.patreon.com/posts/youre-blackout-85839601,False,True,,,20230709_youre_blackout_drunk_in_the_40s,20230709_youre_blackout_drunk_in_the_40s
3412,2023-07-06 11:00:06,Simulated Early Human Discussion video,simulated_early_human_discussion,https://www.patreon.com/posts/simulated-early-85662779,True,True,,64.18205,20230706_simulated_early_human_discussion,20230706_simulated_early_human_discussion
1797,2023-07-06 11:00:06,Simulated Early Human Discussion audio,simulated_early_human_discussion,https://www.patreon.com/posts/simulated-early-85662628,False,True,,64.18205,20230706_simulated_early_human_discussion,20230706_simulated_early_human_discussion
9777,2023-07-03 11:00:07,24 Alter Egos VIDEO,24_alter_egos,https://www.patreon.com/posts/24-alter-egos-85496306,True,False,https://www.youtube.com/watch?v=tq6GPjN6yNg,62.07893333,20230703_24_alter_egos,20230703_24_alter_egos
6804,2023-07-03 11:00:07,24 Alter Egos,24_alter_egos,https://www.patreon.com/posts/24-alter-egos-85495596,False,False,,62.07893333,20230703_24_alter_egos,20230703_24_alter_egos
9500,2023-06-29 11:01:00,Our New Summer Bodies VIDEO,our_new_summer_bodies,https://www.patreon.com/posts/our-new-summer-85279232,True,True,,61.42471667,20230629_our_new_summer_bodies,20230629_our_new_summer_bodies
4476,2023-06-29 11:01:00,Our New Summer Bodies,our_new_summer_bodies,https://www.patreon.com/posts/our-new-summer-85279166,False,True,,61.42471667,20230629_our_new_summer_bodies,20230629_our_new_summer_bodies
7347,2023-06-26 11:01:00,23 Interview With 3 Featured Extras From The Bear VIDEO,23_interview_with_3_featured_extras_from_the_bear,https://www.patreon.com/posts/23-interview-3-85115447,True,False,https://www.youtube.com/watch?v=rzO9-Av4yJU,51.63165,20230626_23_interview_with_3_featured_extras_from_the_bear,20230626_23_interview_with_3_featured_extras_from_the_bear
8794,2023-06-26 11:00:09,23 Interview With 3 Featured Extras From The Bear,23_interview_with_3_featured_extras_from_the_bear,https://www.patreon.com/posts/23-interview-3-85115190,False,False,,51.63165,20230626_23_interview_with_3_featured_extras_from_the_bear,20230626_23_interview_with_3_featured_extras_from_the_bear
5145,2023-06-22 11:00:09,Choose Happiness VIDEO,choose_happiness,https://www.patreon.com/posts/choose-happiness-84942801,True,True,,63.088,20230622_choose_happiness,20230622_choose_happiness
6557,2023-06-22 11:00:08,Choose Happiness,choose_happiness,https://www.patreon.com/posts/choose-happiness-84942770,False,True,,63.088,20230622_choose_happiness,20230622_choose_happiness
2425,2023-06-19 11:01:01,22 Murder Is Weird VIDEO,22_murder_is_weird,https://www.patreon.com/posts/22-murder-is-84783692,True,False,https://www.youtube.com/watch?v=JBtopTxgjMY,66.62685,20230619_22_murder_is_weird,20230619_22_murder_is_weird
6706,2023-06-19 11:01:01,22 Murder Is Weird,22_murder_is_weird,https://www.patreon.com/posts/22-murder-is-84783574,False,False,,66.62685,20230619_22_murder_is_weird,20230619_22_murder_is_weird
8284,2023-06-15 11:01:01,Watch Out For These Red Flags In Your Romantic And Professional Relationships,_watch_out_for_these_red_flags_in_your_romantic_and_professional_relationships,https://www.patreon.com/posts/watch-out-for-in-84587526,False,True,,65.68073333,20230615__watch_out_for_these_red_flags_in_your_romantic_and_professional_relationships,20230615__watch_out_for_these_red_flags_in_your_romantic_and_professional_relationships
4003,2023-06-15 11:00:15,Watch Out For These Red Flags In Your Romantic And Professional Relationships VIDEO,_watch_out_for_these_red_flags_in_your_romantic_and_professional_relationships,https://www.patreon.com/posts/watch-out-for-in-84588080,True,True,,65.68073333,20230615__watch_out_for_these_red_flags_in_your_romantic_and_professional_relationships,20230615__watch_out_for_these_red_flags_in_your_romantic_and_professional_relationships
3467,2023-06-13 2:16:16,CALVIN COOLIDGE  FAMOUS DIR JACK BENSINGER,calvin_coolidge___famous_dir_jack_bensinger,https://www.patreon.com/posts/calvin-coolidge-84486825,False,True,,,20230613_calvin_coolidge___famous_dir_jack_bensinger,20230613_calvin_coolidge___famous_dir_jack_bensinger
4941,2023-06-12 11:01:01,21 Alcohol Is Ruining The World AUDIO,21_alcohol_is_ruining_the_world,https://www.patreon.com/posts/21-alcohol-is-84432266,False,False,,63.22026667,20230612_21_alcohol_is_ruining_the_world,20230612_21_alcohol_is_ruining_the_world
7002,2023-06-12 11:01:00,21 Alcohol Is Ruining The World VIDEO,21_alcohol_is_ruining_the_world,https://www.patreon.com/posts/21-alcohol-is-84432315,True,False,https://www.youtube.com/watch?v=En9wSB68qvQ,63.22026667,20230612_21_alcohol_is_ruining_the_world,20230612_21_alcohol_is_ruining_the_world
3284,2023-06-08 11:00:06,Current Events Pt 2 VIDEO,current_events_pt_2,https://www.patreon.com/posts/current-events-2-84246843,True,True,,60.81031667,20230608_current_events_pt_2,20230608_current_events_pt_2
3806,2023-06-08 11:00:06,Current Events Pt 2,current_events_pt_2,https://www.patreon.com/posts/current-events-2-84246790,False,True,,60.81031667,20230608_current_events_pt_2,20230608_current_events_pt_2
1950,2023-06-05 11:01:01,20 Current Events,20_current_events,https://www.patreon.com/posts/20-current-84074115,False,False,,60.17208333,20230605_20_current_events,20230605_20_current_events
3624,2023-06-05 11:01:00,20 Current Events VIDEO,20_current_events,https://www.patreon.com/posts/20-current-video-84074168,True,False,https://www.youtube.com/watch?v=GgU8_VGDzm8,60.17208333,20230605_20_current_events,20230605_20_current_events
8062,2023-06-01 11:01:00,Unsolved Mysteries Hour VIDEO,unsolved_mysteries_hour,https://www.patreon.com/posts/unsolved-hour-83881798,True,True,,67.47621667,20230601_unsolved_mysteries_hour,20230601_unsolved_mysteries_hour
1553,2023-06-01 11:01:00,Unsolved Mysteries Hour,unsolved_mysteries_hour,https://www.patreon.com/posts/unsolved-hour-83881690,False,True,,67.47621667,20230601_unsolved_mysteries_hour,20230601_unsolved_mysteries_hour
8501,2023-05-29 11:00:03,19 Explaining What Is Outer Space,19_explaining_what_is_outer_space,https://www.patreon.com/posts/19-explaining-is-83694233,True,False,https://www.youtube.com/watch?v=uEJo7mNoZKw,59.33333333,20230529_19_explaining_what_is_outer_space,20230529_19_explaining_what_is_outer_space
2016,2023-05-29 11:00:03,19 Explaining What Is Outer Space,19_explaining_what_is_outer_space,https://www.patreon.com/posts/19-explaining-is-83694207,False,False,,59.33333333,20230529_19_explaining_what_is_outer_space,20230529_19_explaining_what_is_outer_space
9082,2023-05-25 11:01:00,The Cinema,the_cinema,https://www.patreon.com/posts/cinema-83511457,False,True,,62.23431667,20230525_the_cinema,20230525_the_cinema
9065,2023-05-25 11:01:00,The Cinema VIDEO,the_cinema,https://www.patreon.com/posts/cinema-video-83511424,True,True,,62.23431667,20230525_the_cinema,20230525_the_cinema
1602,2023-05-22 11:01:00,18 David  Goliath ft Caleb Pitts video,18_david__goliath__video,https://www.patreon.com/posts/18-david-goliath-83356042,True,False,https://www.youtube.com/watch?v=idGWrDh6Lhk,67.69493333,20230522_18_david__goliath__video,20230522_18_david__goliath__video
4917,2023-05-22 11:01:00,18 David  Goliath ft Caleb Pitts,18_david__goliath,https://www.patreon.com/posts/18-david-goliath-83355995,False,False,,,20230522_18_david__goliath,20230522_18_david__goliath
3109,2023-05-18 8:01:00,All W33ded Out,all_w33ded_out,https://www.patreon.com/posts/all-w33ded-out-83145977,False,True,,66.06685,20230518_all_w33ded_out,20230518_all_w33ded_out
1385,2023-05-18 8:00:02,All W33ded Out VIDEO,all_w33ded_out,https://www.patreon.com/posts/all-w33ded-out-83147566,True,True,,66.06685,20230518_all_w33ded_out,20230518_all_w33ded_out
2106,2023-05-15 11:01:00,17 Charlies Male Angels VIDEO,17_charlies_male_angels,https://www.patreon.com/posts/17-charlies-male-83009483,True,False,https://www.youtube.com/watch?v=faeUXbpSixw,58.38613333,20230515_17_charlies_male_angels,20230515_17_charlies_male_angels
6483,2023-05-15 11:01:00,17 Charlies Male Angels,17_charlies_male_angels,https://www.patreon.com/posts/17-charlies-male-83009060,False,False,,58.38613333,20230515_17_charlies_male_angels,20230515_17_charlies_male_angels
4457,2023-05-11 11:01:00,Tough Times Rawr,tough_times_rawr,https://www.patreon.com/posts/tough-times-rawr-82824114,False,True,,70.944,20230511_tough_times_rawr,20230511_tough_times_rawr
8134,2023-05-11 11:00:03,Tough Times Rawr VIDEO,tough_times_rawr,https://www.patreon.com/posts/tough-times-rawr-82824162,True,True,,70.944,20230511_tough_times_rawr,20230511_tough_times_rawr
4369,2023-05-08 11:00:04,16 Respect To The Monarchy VIDEO,16_respect_to_the_monarchy,https://www.patreon.com/posts/16-respect-to-82668149,True,False,https://www.youtube.com/watch?v=xQETdVa1Kpc,63.05416667,20230508_16_respect_to_the_monarchy,20230508_16_respect_to_the_monarchy
2748,2023-05-08 11:00:03,16 Respect To The Monarchy,16_respect_to_the_monarchy,https://www.patreon.com/posts/16-respect-to-82667974,False,False,,63.05416667,20230508_16_respect_to_the_monarchy,20230508_16_respect_to_the_monarchy
7002,2023-05-04 11:01:00,Massive Personal Growth Accelerator ECourse,massive_personal_growth_accelerator_e_course,https://www.patreon.com/posts/massive-personal-82475435,False,True,,65.05941667,20230504_massive_personal_growth_accelerator_e_course,20230504_massive_personal_growth_accelerator_e_course
5618,2023-05-04 11:00:04,Massive Personal Growth Accelerator ECourse VIDEO,massive_personal_growth_accelerator_e_course,https://www.patreon.com/posts/massive-personal-82478255,True,True,,65.05941667,20230504_massive_personal_growth_accelerator_e_course,20230504_massive_personal_growth_accelerator_e_course
7772,2023-05-01 11:01:00,15 Jerry Springers Legacy VIDEO,15_jerry_springers_legacy,https://www.patreon.com/posts/15-jerry-legacy-82305008,True,False,https://www.youtube.com/watch?v=AlbUaH0ueBo,63.35468333,20230501_15_jerry_springers_legacy,20230501_15_jerry_springers_legacy
5241,2023-05-01 11:01:00,15 Jerry Springers Legacy AUDIO,15_jerry_springers_legacy,https://www.patreon.com/posts/15-jerry-legacy-82304955,False,False,,63.35468333,20230501_15_jerry_springers_legacy,20230501_15_jerry_springers_legacy
4135,2023-04-27 11:00:59,McDonalds Mukbang VIDEO,mcdonalds_mukbang,https://www.patreon.com/posts/mcdonalds-video-82092651,True,True,,62.8661,20230427_mcdonalds_mukbang,20230427_mcdonalds_mukbang
3566,2023-04-27 11:00:03,McDonalds Mukbang AUDIO,mcdonalds_mukbang,https://www.patreon.com/posts/mcdonalds-audio-82092542,False,True,,62.8661,20230427_mcdonalds_mukbang,20230427_mcdonalds_mukbang
8569,2023-04-24 17:05:35,14 Healing Frequencies VIDEO,14_healing_frequencies,https://www.patreon.com/posts/14-healing-video-81986225,True,False,https://www.youtube.com/watch?v=ur2txP0VRJ4,59.47868333,20230424_14_healing_frequencies,20230424_14_healing_frequencies
5488,2023-04-24 15:35:59,14 Healing Frequencies,14_healing_frequencies,https://www.patreon.com/posts/14-healing-81981451,False,False,,59.47868333,20230424_14_healing_frequencies,20230424_14_healing_frequencies
8200,2023-04-20 11:21:00,420 Verbal NARCAN AUDIO,420_verbal_narcan,https://www.patreon.com/posts/420-verbal-r-81772131,False,True,,55.33411667,20230420_420_verbal_narcan,20230420_420_verbal_narcan
9820,2023-04-20 11:21:00,420 Verbal NARCAN VIDEO,420_verbal_narcan,https://www.patreon.com/posts/420-verbal-r-81770875,True,True,,55.33411667,20230420_420_verbal_narcan,20230420_420_verbal_narcan
1299,2023-04-17 11:00:05,13 Brace Belden from True Anon Explains Fruit AUDIO,13_brace_belden_from_true_anon_explains_fruit,https://www.patreon.com/posts/13-brace-belden-81626614,False,False,,75.21208333,20230417_13_brace_belden_from_true_anon_explains_fruit,20230417_13_brace_belden_from_true_anon_explains_fruit
7737,2023-04-17 11:00:04,13 Brace Belden from True Anon Explains Fruit VIDEO,13_brace_belden_from_true_anon_explains_fruit,https://www.patreon.com/posts/13-brace-belden-81627483,True,False,https://www.youtube.com/watch?v=_bjVoVWsZGA,75.21208333,20230417_13_brace_belden_from_true_anon_explains_fruit,20230417_13_brace_belden_from_true_anon_explains_fruit
1909,2023-04-13 11:00:03,Miss Swift VIDEO,miss_swift,https://www.patreon.com/posts/miss-swift-video-81445782,True,True,,49.84956667,20230413_miss_swift,20230413_miss_swift
4507,2023-04-13 11:00:03,Miss Swift AUDIO,miss_swift,https://www.patreon.com/posts/miss-swift-audio-81292784,False,True,,49.84956667,20230413_miss_swift,20230413_miss_swift
9766,2023-04-10 18:23:12,Erics sweat accumulation from the SOLD OUT Chicago show,erics_sweat_accumulation_from_the_sold_out_chicago_show,https://www.patreon.com/posts/erics-sweat-from-81322282,False,False,,,20230410_erics_sweat_accumulation_from_the_sold_out_chicago_show,20230410_erics_sweat_accumulation_from_the_sold_out_chicago_show
8493,2023-04-10 11:00:05,12 We Are Begging To Be Sued VIDEO,12_we_are_begging_to_be_sued,https://www.patreon.com/posts/12-we-are-to-be-81294184,True,False,https://www.youtube.com/watch?v=RNJwBQKZsls,52.63248333,20230410_12_we_are_begging_to_be_sued,20230410_12_we_are_begging_to_be_sued
7494,2023-04-10 11:00:04,12 We Are Begging To Be Sued AUDIO,12_we_are_begging_to_be_sued,https://www.patreon.com/posts/12-we-are-to-be-81294112,False,False,,52.63248333,20230410_12_we_are_begging_to_be_sued,20230410_12_we_are_begging_to_be_sued
4000,2023-04-07 18:31:06,PEACEFUL DISHWASHING PLAYLIST,peaceful_dishwashing_playlist,https://www.patreon.com/posts/peaceful-81191252,False,True,,,20230407_peaceful_dishwashing_playlist,20230407_peaceful_dishwashing_playlist
9806,2023-04-06 11:01:00,Erics Computer is Trash AUDIO,erics_computer_is_trash,https://www.patreon.com/posts/erics-computer-81097249,False,True,,62.35893333,20230406_erics_computer_is_trash,20230406_erics_computer_is_trash
9027,2023-04-06 11:00:03,Erics Computer is Trash VIDEO,erics_computer_is_trash,https://www.patreon.com/posts/erics-computer-81097327,True,True,,62.35893333,20230406_erics_computer_is_trash,20230406_erics_computer_is_trash
1543,2023-04-03 11:01:01,11 Hilariously Answering Your Effed Up Questions VIDEO,11_hilariously_answering_your_effed_up_questions,https://www.patreon.com/posts/11-hilariously-80956940,True,False,https://www.youtube.com/watch?v=4-LO3zl4eWM,53.38268333,20230403_11_hilariously_answering_your_effed_up_questions,20230403_11_hilariously_answering_your_effed_up_questions
5603,2023-04-03 11:01:01,11 Hilariously Answering Your Effed Up Questions  AUDIO,11_hilariously_answering_your_effed_up_questions,https://www.patreon.com/posts/11-hilariously-80956413,False,False,,53.38268333,20230403_11_hilariously_answering_your_effed_up_questions,20230403_11_hilariously_answering_your_effed_up_questions
4563,2023-03-30 11:56:04,IRL Rick Roll VIDEO,irl_rick_roll,https://www.patreon.com/posts/irl-rick-roll-80766570,True,True,,48.76403333,20230330_irl_rick_roll,20230330_irl_rick_roll
8741,2023-03-30 11:01:00,IRL Rick Roll AUDIO,irl_rick_roll,https://www.patreon.com/posts/irl-rick-roll-80741054,False,True,,48.76403333,20230330_irl_rick_roll,20230330_irl_rick_roll
6346,2023-03-27 11:00:04,10 Good Morning  AUDIO,10_good_morning,https://www.patreon.com/posts/10-good-morning-80594606,False,False,,62.10408333,20230327_10_good_morning,20230327_10_good_morning
9845,2023-03-27 11:00:04,10 Good Morning  VIDEO,10_good_morning,https://www.patreon.com/posts/10-good-morning-80594542,True,False,https://www.youtube.com/watch?v=cFLuPBAEoOQ,62.10408333,20230327_10_good_morning,20230327_10_good_morning
8779,2023-03-23 11:01:00,Congratulations to Selena Gomez AUDIO,congratulations_to_selena_gomez,https://www.patreon.com/posts/congratulations-80400038,False,True,,58.40746667,20230323_congratulations_to_selena_gomez,20230323_congratulations_to_selena_gomez
3810,2023-03-23 11:01:00,Congratulations to Selena Gomez VIDEO,congratulations_to_selena_gomez,https://www.patreon.com/posts/congratulations-80399535,True,True,,58.40746667,20230323_congratulations_to_selena_gomez,20230323_congratulations_to_selena_gomez
2385,2023-03-20 11:00:04,9 Demons  Kindess VIDEO,9_demons__kindess,https://www.patreon.com/posts/9-demons-kindess-80215059,True,False,https://www.youtube.com/watch?v=Diis73iw9V0,59.93805,20230320_9_demons__kindess,20230320_9_demons__kindess
4314,2023-03-20 11:00:04,9 Demons  Kindess AUDIO,9_demons__kindess,https://www.patreon.com/posts/9-demons-kindess-80214970,False,False,,59.93805,20230320_9_demons__kindess,20230320_9_demons__kindess
8095,2023-03-17 14:25:27,CHICAGO  were doing a show on March 28th at Color Club 8pm,chicago__were_doing_a_show_on_march_28th_at_color_club_8pm,https://www.patreon.com/posts/chicago-were-on-80130475,False,True,,,20230317_chicago__were_doing_a_show_on_march_28th_at_color_club_8pm,20230317_chicago__were_doing_a_show_on_march_28th_at_color_club_8pm
3935,2023-03-16 11:02:59,Brain  Reality AUDIO,brain__reality,https://www.patreon.com/posts/brain-reality-80072714,False,True,,61.64085,20230316_brain__reality,20230316_brain__reality
8363,2023-03-16 11:00:59,Brain  Reality VIDEO,brain__reality,https://www.patreon.com/posts/brain-reality-80072459,True,True,,61.64085,20230316_brain__reality,20230316_brain__reality
9350,2023-03-13 11:01:00,8 A Grave Warning To Corporate America,8_a_grave_warning_to_corporate_america,https://www.patreon.com/posts/8-grave-warning-79943761,False,False,https://www.patreon.com/posts/8-grave-warning-79943761,,20230313_8_a_grave_warning_to_corporate_america,20230313_8_a_grave_warning_to_corporate_america
3031,2023-03-09 16:53:29,Discussing Our Personal Upbringings and Celebrities AUDIO,discussing_our_personal_upbringings_and_celebrities,https://www.patreon.com/posts/discussing-our-79789464,False,True,,53.44015,20230309_discussing_our_personal_upbringings_and_celebrities,20230309_discussing_our_personal_upbringings_and_celebrities
7791,2023-03-09 12:00:03,Discussing Our Personal Upbringings and Celebrities VIDEO,discussing_our_personal_upbringings_and_celebrities,https://www.patreon.com/posts/discussing-our-79761408,True,True,,53.44015,20230309_discussing_our_personal_upbringings_and_celebrities,20230309_discussing_our_personal_upbringings_and_celebrities
8281,2023-03-06 12:00:04,7 Love Me Thru The Phone,7_love_me_thru_the_phone,https://www.patreon.com/posts/7-love-me-thru-79620894,False,False,https://www.patreon.com/posts/7-love-me-thru-79620894,,20230306_7_love_me_thru_the_phone,20230306_7_love_me_thru_the_phone
9654,2023-03-02 12:01:01,Dark Duolingo extended bonus ep,dark_duolingo,https://www.patreon.com/posts/dark-duolingo-ep-79439852,False,True,,,20230302_dark_duolingo,20230302_dark_duolingo
3683,2023-02-27 12:01:00,6 SNLs Sarah Sherman Retires From Comedy ft Sarah Sherman,6_snls_sarah_sherman_retires_from_comedy_ft_sarah_sherman,https://www.patreon.com/posts/6-snls-sarah-ft-79254906,False,False,https://www.patreon.com/posts/6-snls-sarah-ft-79254906,,20230227_6_snls_sarah_sherman_retires_from_comedy_ft_sarah_sherman,20230227_6_snls_sarah_sherman_retires_from_comedy_ft_sarah_sherman
7005,2023-02-26 19:08:01,WISHING THE WEED TODAY WASNT SO STRONG a fire ass playlist,wishing_the_weed_today_wasnt_so_strong_a_fire_ass_playlist,https://www.patreon.com/posts/wishing-weed-so-79242284,False,True,,,20230226_wishing_the_weed_today_wasnt_so_strong_a_fire_ass_playlist,20230226_wishing_the_weed_today_wasnt_so_strong_a_fire_ass_playlist
1727,2023-02-23 12:01:00,Psyop Type Sht,psyop_type_sht,https://www.patreon.com/posts/psyop-type-sh-t-79082648,False,True,,,20230223_psyop_type_sht,20230223_psyop_type_sht
5827,2023-02-20 12:01:01,5 The Drunk Files,5_the_drunk_files,https://www.patreon.com/posts/5-drunk-files-78936933,False,False,https://www.patreon.com/posts/5-drunk-files-78936933,,20230220_5_the_drunk_files,20230220_5_the_drunk_files
1588,2023-02-16 15:57:57,Alien Swag,alien_swag,https://www.patreon.com/posts/alien-swag-78780414,False,True,,,20230216_alien_swag,20230216_alien_swag
1127,2023-02-13 12:00:04,4 Mylke  Coogies,4_mylke__coogies,https://www.patreon.com/posts/4-mylke-coogies-78599931,False,False,https://www.patreon.com/posts/4-mylke-coogies-78599931,,20230213_4_mylke__coogies,20230213_4_mylke__coogies
4002,2023-02-09 12:00:02,Utopian Possibilities,utopian_possibilities,https://www.patreon.com/posts/utopian-78284039,False,True,,,20230209_utopian_possibilities,20230209_utopian_possibilities
9259,2023-02-06 12:20:01,3 Metaphorical Knowledge,3_metaphorical_knowledge,https://www.patreon.com/posts/3-metaphorical-78283877,False,False,https://www.patreon.com/posts/3-metaphorical-78283877,,20230206_3_metaphorical_knowledge,20230206_3_metaphorical_knowledge
1349,2023-02-02 12:03:00,Religious Discussion No Holds Barred,religious_discussion_no_holds_barred,https://www.patreon.com/posts/religious-no-78104132,False,True,,,20230202_religious_discussion_no_holds_barred,20230202_religious_discussion_no_holds_barred
4707,2023-01-30 12:00:04,2 Royalty Free Acappella Verses,2_royalty_free_acappella_verses,https://www.patreon.com/posts/2-royalty-free-77941946,False,False,https://www.patreon.com/posts/2-royalty-free-77941946,,20230130_2_royalty_free_acappella_verses,20230130_2_royalty_free_acappella_verses
6645,2023-01-26 12:00:09,Get To Know Us More Better,get_to_know_us_more_better,https://www.patreon.com/posts/get-to-know-us-77751276,False,True,,,20230126_get_to_know_us_more_better,20230126_get_to_know_us_more_better
4195,2023-01-23 8:10:00,1 Crazy Ass Coachella Lineup Reaction,1_crazy_ass_coachella_lineup_reaction,https://www.patreon.com/posts/1-crazy-ass-77618126,False,False,https://www.patreon.com/posts/1-crazy-ass-77618126,,20230123_1_crazy_ass_coachella_lineup_reaction,20230123_1_crazy_ass_coachella_lineup_reaction
5881,2023-01-22 21:48:59,JOY TACTICS OFFICIAL INCLINE TREADMILL SPEED WALKING PLAYLIST,joy_tactics_official_incline_treadmill_speed_walking_playlist,https://www.patreon.com/posts/joy-tactics-77601204,False,True,,,20230122_joy_tactics_official_incline_treadmill_speed_walking_playlist,20230122_joy_tactics_official_incline_treadmill_speed_walking_playlist
1834,2024-05-02 09:15:01,Driving Tour of Brooklyn VIDEO,driving_tour_of_brooklyn,https://www.patreon.com/posts/driving-tour-of-103425837,True,True,,,20240502_driving_tour_of_brooklyn,20240502_driving_tour_of_brooklyn
3523,2023-09-25 08:01:00,35 Alienz ft Conner OMalley,35_alienz_ft_conner_omalley,https://www.patreon.com/posts/35-alienz-ft-89786066,False,False,,,20230925_35_alienz_ft_conner_omalley,20230925_35_alienz_ft_conner_omalley
7476,2023-09-25 08:00:03,35 Alienz ft Conner OMalley,35_alienz_ft_conner_omalley,https://www.patreon.com/posts/35-alienz-ft-89786104,False,False,,,20230925_35_alienz_ft_conner_omalley,20230925_35_alienz_ft_conner_omalley
6678,2023-08-20 03:58:07,BIDEN 6 BLUNTS DEEP SITTING ON THE ROOF OF THE WHITE HOUSE WATCHING THE SUNSET,biden_6_blunts_deep_sitting_on_the_roof_of_the_white_house_watching_the_sunset,https://www.patreon.com/posts/biden-6-blunts-87962764,False,True,,,20230820_biden_6_blunts_deep_sitting_on_the_roof_of_the_white_house_watching_the_sunset,20230820_biden_6_blunts_deep_sitting_on_the_roof_of_the_white_house_watching_the_sunset
6283,2023-07-24 08:01:00,27 Control ft Rachel Kaly VIDEO,27_control,https://www.patreon.com/posts/27-control-ft-86560219,True,False,,,20230724_27_control,20230724_27_control
2517,2023-07-17 08:00:06,26 Erics Bday,26_erics_bday,https://www.patreon.com/posts/26-erics-bday-86211183,False,False,,,20230717_26_erics_bday,20230717_26_erics_bday
7532,2023-06-13 02:16:16,CALVIN COOLIDGE  FAMOUS DIR JACK BENSINGER,calvin_coolidge___famous_dir_jack_bensinger,https://www.patreon.com/posts/calvin-coolidge-84486825,False,True,,,20230613_calvin_coolidge___famous_dir_jack_bensinger,20230613_calvin_coolidge___famous_dir_jack_bensinger
3158,2023-05-18 08:01:00,All W33ded Out,all_w33ded_out,https://www.patreon.com/posts/all-w33ded-out-83145977,False,True,,,20230518_all_w33ded_out,20230518_all_w33ded_out
2955,2023-05-18 08:00:02,All W33ded Out VIDEO,all_w33ded_out,https://www.patreon.com/posts/all-w33ded-out-83147566,True,True,,,20230518_all_w33ded_out,20230518_all_w33ded_out
2847,2023-01-23 08:10:00,1 Crazy Ass Coachella Lineup Reaction,1_crazy_ass_coachella_lineup_reaction,https://www.patreon.com/posts/1-crazy-ass-77618126,False,False,,,20230123_1_crazy_ass_coachella_lineup_reaction,20230123_1_crazy_ass_coachella_lineup_reaction
